{
  "alpha_offdiag_true": [
    0.3876777628989204,
    0.39206979394110575
  ],
  "param_names": [
    "alpha_1_2",
    "alpha_2_1"
  ],
  "r_true": [
    1.2665915080219308,
    1.2270145677935713
  ],
  "K": 2,
  "diag_alpha": [
    1.0,
    1.0
  ],
  "Ks_true": [
    10.088434133574822,
    10.864665144684757
  ]
}